<?xml version="1.0"?>
<!--
 This file is part of FlightGear, the free flight simulator
 http://www.flightgear.org/

 Copyright (C) 2009 Torsten Dreyer, Torsten (at) t3r _dot_ de

 This program is free software; you can redistribute it and/or
 modify it under the terms of the GNU General Public License as
 published by the Free Software Foundation; either version 2 of the
 License, or (at your option) any later version.

 This program is distributed in the hope that it will be useful, but
 WITHOUT ANY WARRANTY; without even the implied warranty of
 MERCHANTABILITY or FITNESS FOR A PARTICULAR PURPOSE.  See the GNU
 General Public License for more details.
-->

<!-- 
Controller for the Peripheral Vision Indicator

Used Properties:
instrumentation/ledstrip/linear
  true: use the linear display
  false: use the non linear display

instrumentation/ledstrip/mode
  1: Indicate groundspeed
  2: Indicate g-load
  3: Indicate altitude
-->
<PropertyList>

  <filter>
    <name>LedStrip</name>
    <debug>false</debug>
    <type>gain</type>

    <input>
      <condition>
        <!-- Pre-Race Display - Groundspeed, linear -->
        <property>instrumentation/ledstrip/linear</property>
        <equals>
          <property>instrumentation/ledstrip/mode</property>
          <value>1</value>
        </equals>
      </condition>
      <!-- 195 ==> 1
           201 ==> 7 -->
      <property>/velocities/groundspeed-kt</property>
      <scale>1.0</scale>
      <offset>-194</offset>
    </input>

    <input>
      <condition>
        <!-- Pre-Race Display - Groundspeed, non linear -->
        <not>
          <property>instrumentation/ledstrip/linear</property>
        </not>
        <equals>
          <property>instrumentation/ledstrip/mode</property>
          <value>1</value>
        </equals>
      </condition>
      <expression>
        <table>
          <property>/velocities/groundspeed-kt</property>
          <entry><ind>180</ind><dep>0</dep></entry>
          <entry><ind>185</ind><dep>1</dep></entry>
          <entry><ind>190</ind><dep>2</dep></entry>
          <entry><ind>195</ind><dep>3</dep></entry>
          <entry><ind>197</ind><dep>4</dep></entry>
          <entry><ind>198</ind><dep>5</dep></entry>
          <entry><ind>199</ind><dep>6</dep></entry>
          <entry><ind>201</ind><dep>7</dep></entry>
        </table>
      </expression>
    </input>

    <input>
      <condition>
        <!-- Race Display - Gload, linear -->
        <property>instrumentation/ledstrip/linear</property>
        <equals>
          <property>instrumentation/ledstrip/mode</property>
          <value>2</value>
        </equals>
      </condition>
      <!-- 9.4g ==> 1
           10.0g ==> 7 -->
      <property>accelerations/pilot/z-accel-fps_sec</property>
      <scale>-0.310810</scale> <!-- convert to g, scale by 10 -->
      <offset>-93</offset>
    </input>

    <input>
      <condition>
        <!-- Race Display - Gload, non linear -->
        <not>
          <property>instrumentation/ledstrip/linear</property>
        </not>
        <equals>
          <property>instrumentation/ledstrip/mode</property>
          <value>2</value>
        </equals>
      </condition>
      <expression>
        <table>
          <property>accelerations/pilot/z-accel-fps_sec</property>
          <entry><ind>-270.26</ind><dep>0</dep></entry> <!-- 8.4 -->
          <entry><ind>-273.48</ind><dep>1</dep></entry> <!-- 8.5 -->
          <entry><ind>-289.57</ind><dep>2</dep></entry> <!-- 9.0 -->
          <entry><ind>-305.65</ind><dep>3</dep></entry> <!-- 9.5 -->
          <entry><ind>-312.09</ind><dep>4</dep></entry> <!-- 9.7 -->
          <entry><ind>-315.31</ind><dep>5</dep></entry> <!-- 9.8 -->
          <entry><ind>-318.52</ind><dep>6</dep></entry> <!-- 9.9 -->
          <entry><ind>-321.74</ind><dep>7</dep></entry> <!-- 10.0 -->
        </table>
      </expression>
    </input>

    <input>
      <condition>
        <!-- Race Display - Altitude, linear -->
        <property>instrumentation/ledstrip/linear</property>
        <equals>
          <property>instrumentation/ledstrip/mode</property>
          <value>3</value>
        </equals>
      </condition>
      <!-- 16m(52.5ft) ==> 1
           10m(32.8ft) ==> 7 -->
      <property>/position/altitude-agl-ft</property>
      <scale>-0.3048</scale>
      <offset>17</offset>
    </input>
    <input>
      <condition>
        <!-- Race Display - Altitude, non linear -->
        <not>
          <property>instrumentation/ledstrip/linear</property>
        </not>
        <equals>
          <property>instrumentation/ledstrip/mode</property>
          <value>3</value>
        </equals>
      </condition>
      <expression>
        <table>
          <property>/position/altitude-agl-ft</property>
          <entry><ind>85.3</ind><dep>0</dep></entry> <!-- 26m -->
          <entry><ind>82.0</ind><dep>1</dep></entry> <!-- 25m -->
          <entry><ind>65.6</ind><dep>2</dep></entry> <!-- 20m -->
          <entry><ind>49.2</ind><dep>3</dep></entry> <!-- 15m -->
          <entry><ind>42.7</ind><dep>4</dep></entry> <!-- 13m -->
          <entry><ind>39.4</ind><dep>5</dep></entry> <!-- 12m -->
          <entry><ind>36.1</ind><dep>6</dep></entry> <!-- 11m -->
          <entry><ind>32.8</ind><dep>7</dep></entry> <!-- 10m -->
        </table>
      </expression>
    </input>

    <input>0</input>

    <output>instrumentation/ledstrip/led</output>
    <min>0</min>
    <max>7</max>
  </filter>
</PropertyList>
