<?xml version="1.0"?>
<PropertyList>
  <title>Engine Alternate Hot Start (Flood Start)</title>
  <type>normal</type>
  <item>
    <name><![CDATA[Canopy]]></name>
    <value>CLOSED AND LOCKED</value>
  </item>
  <item>
    <name><![CDATA[Master Switch]]></name>
    <value>ON</value>
  </item>
  <item>
    <name><![CDATA[Radios]]></name>
    <value>OFF</value>
  </item>
  <item>
    <name><![CDATA[Fuel Boost Pump Breaker]]></name>
    <value>IN</value>
  </item>
  <item>
    <name><![CDATA[Mixture]]></name>
    <value>RICH</value>
  </item>
  <item>
    <name><![CDATA[Throttle]]></name>
    <value>FULL OPEN</value>
  </item>
  <item>
    <name><![CDATA[Fuel boost pump]]></name>
    <value>UNTIL ENGINE FLOODED</value>
  </item>
  <item>
    <name><![CDATA[Mixture]]></name>
    <value>FULL LEAN</value>
  </item>
  <item>
    <name><![CDATA[Left mag switch]]></name>
    <value>ON</value>
  </item>
  <item>
    <name><![CDATA[Prop]]></name>
    <value>HIGH RPM AND CLEAR</value>
  </item>
  <item>
    <name><![CDATA[Starter]]></name>
    <value>ON</value>
  </item>
  <item>
    <name><![CDATA[Throttle]]></name>
    <value>CLOSE THROTTLE UNTIL ENGINE RUNS SMOOTHLY</value>
  </item>
  <item>
    <name><![CDATA[Mixture]]></name>
    <value>FULL RICH ASAP</value>
  </item>
  <item>
    <name><![CDATA[Right mag switch]]></name>
    <value>ON</value>
  </item>
  <item>
    <name><![CDATA[Radios]]></name>
    <value>On</value>
  </item>
  <item>
    <name><![CDATA[Instruments]]></name>
    <value>CHECK</value>
  </item>
</PropertyList>
