<?xml version="1.0"?>

<PropertyList>

  <airspeed-indicator>
    <name>airspeed-indicator</name>
    <number>0</number>
    <total-pressure>/systems/pitot/total-pressure-inhg</total-pressure>
    <static-pressure>/systems/static/pressure-inhg</static-pressure>
  </airspeed-indicator>

  <!-- EFIS airspeed indicator -->
  <airspeed-indicator>
    <name>airspeed-indicator</name>
    <number>1</number>
    <total-pressure>/systems/pitot/total-pressure-inhg</total-pressure>
    <static-pressure>/systems/static/pressure-inhg</static-pressure>
  </airspeed-indicator>

  <altimeter>
    <name>altimeter</name>
    <number>0</number>
    <static-pressure>/systems/static/pressure-inhg</static-pressure>
    <quantum>0</quantum>
    <tau>0</tau>
  </altimeter>

  <!-- EFIS altimeter -->
  <altimeter>
    <name>altimeter</name>
    <number>1</number>
    <static-pressure>/systems/static/pressure-inhg</static-pressure>
    <quantum>0</quantum>
    <tau>0</tau>
  </altimeter>

  <clock>
    <name>clock</name>
    <number>0</number>
  </clock>

  <magnetic-compass>
    <name>magnetic-compass</name>
    <number>0</number>
  </magnetic-compass>

  <comm-radio>
    <name>comm</name>
    <number>0</number>
  </comm-radio>

  <comm-radio>
    <name>comm</name>
    <number>1</number>
  </comm-radio>

  <nav-radio>
    <name>nav</name>
    <number>0</number>
  </nav-radio>

  <nav-radio>
    <name>nav</name>
    <number>1</number>
  </nav-radio>

  <slip-skid-ball>
    <name>slip-skid-ball</name>
    <number>0</number>
  </slip-skid-ball>

  <!-- EFIS slip/skid indicator -->
  <slip-skid-ball>
    <name>slip-skid-ball</name>
    <number>1</number>
  </slip-skid-ball>

  <turn-indicator>
    <name>turn-indicator</name>
    <number>0</number>
  </turn-indicator>

  <vertical-speed-indicator>
    <name>vertical-speed-indicator</name>
    <number>0</number>
    <static-pressure>/systems/static/pressure-inhg</static-pressure>
  </vertical-speed-indicator>

  <gps>
    <name>gps</name>
    <number>0</number>
  </gps>

</PropertyList>
