<?xml version="1.0"?>

<PropertyList>

  <electrical>
    <name>electrical</name>
    <number>0</number>
    <path>Aircraft/Generic/generic-electrical.xml</path>
  </electrical>

  <pitot>
    <name>pitot</name>
    <number>0</number>
  </pitot>

  <static>
    <name>static</name>
    <number>0</number>
    <tau>0</tau> <!-- no low-pass-filter -->
  </static>

  <vacuum>
    <name>vacuum</name>
    <number>0</number>
    <rpm>/engines/engine[0]/rpm</rpm>
    <scale>1.0</scale>
  </vacuum>

</PropertyList>
