<?xml version = '1.0' encoding = 'UTF-8' ?>
<PropertyList>

  <path>Altimeter.ac</path>

  <animation>
    <type>noshadow</type>
  </animation>

  <animation>
    <type>range</type>
    <min-m>0</min-m>
    <max-m>30</max-m>
  </animation>

  <animation>
    <type>rotate</type>
    <object-name>Needle100</object-name>
    <property>instrumentation/altimeter/indicated-altitude-ft</property>
    <factor>0.36</factor>
    <axis>
      <x>-1</x>
      <y>0</y>
      <z>0</z>
    </axis>
  </animation>

  <animation>
    <type>rotate</type>
    <object-name>Needle1000</object-name>
    <property>instrumentation/altimeter/indicated-altitude-ft</property>
    <factor>0.036</factor>
    <axis>
      <x>-1</x>
      <y>0</y>
      <z>0</z>
    </axis>
  </animation>

  <animation>
    <type>rotate</type>
    <object-name>Needle10000</object-name>
    <property>instrumentation/altimeter/indicated-altitude-ft</property>
    <factor>0.0036</factor>
    <axis>
      <x>-1</x>
      <y>0</y>
      <z>0</z>
    </axis>
  </animation>

  <animation>
    <type>texrotate</type>
    <object-name>subscale</object-name>
    <property>instrumentation/altimeter/setting-inhg</property>
    <interpolation>
      <entry>
        <ind>28.37</ind>
        <dep>0.0</dep>
      </entry>
      <entry>
        <ind>31.30</ind>
        <dep>356.4</dep>
      </entry>
    </interpolation>
    <center>
      <x>0.50</x>
      <y>0.50</y>
    </center>
    <axis>
      <x>0</x>
      <y>0</y>
      <z>-1</z>
    </axis>
  </animation>

  <animation>
    <type>pick</type>
    <object-name>Knob.LeftHalf</object-name>
    <visible>false</visible>
    <action>
      <name>decrease calibrate fine</name>
      <button>0</button>
      <repeatable>true</repeatable>
      <binding>
        <command>property-adjust</command>
        <property>/instrumentation/altimeter/setting-inhg</property>
        <step>-0.01</step>
        <min>28.37</min>
        <max>31.3</max>
        <wrap>false</wrap>
      </binding>
    </action>
    <action>
      <name>decrease calibrate coarse</name>
      <button>1</button>
      <repeatable>true</repeatable>
      <binding>
        <command>property-adjust</command>
        <property>/instrumentation/altimeter/setting-inhg</property>
        <step>-0.1</step>
        <min>28.37</min>
        <max>31.3</max>
        <wrap>false</wrap>
      </binding>
    </action>
  </animation>

  <animation>
    <type>pick</type>
    <object-name>Knob.RightHalf</object-name>
    <visible>false</visible>
    <action>
      <name>increase calibrate fine</name>
      <button>0</button>
      <repeatable>true</repeatable>
      <binding>
        <command>property-adjust</command>
        <property>/instrumentation/altimeter/setting-inhg</property>
        <step>0.01</step>
        <min>28.37</min>
        <max>31.3</max>
        <wrap>false</wrap>
      </binding>
    </action>
    <action>
      <name>increase calibrate coarse</name>
      <button>1</button>
      <repeatable>true</repeatable>
      <binding>
        <command>property-adjust</command>
        <property>/instrumentation/altimeter/setting-inhg</property>
        <step>0.1</step>
        <min>28.37</min>
        <max>31.3</max>
        <wrap>false</wrap>
      </binding>
    </action>
  </animation>

  <animation>
    <type>pick</type>
    <object-name>Knob</object-name>
    <visible>true</visible>
    <action>
      <button>3</button>
      <repeatable>false</repeatable>
      <binding>
        <command>property-adjust</command>
        <property>/instrumentation/altimeter/setting-inhg</property>
        <step>0.01</step>
        <min>28.37</min>
        <max>31.3</max>
        <wrap>false</wrap>
      </binding>
    </action>
    <action>
      <button>4</button>
      <repeatable>false</repeatable>
      <binding>
        <command>property-adjust</command>
        <property>/instrumentation/altimeter/setting-inhg</property>
        <step>-0.01</step>
        <min>28.37</min>
        <max>31.3</max>
        <wrap>false</wrap>
      </binding>
    </action>
  </animation>

</PropertyList>
