<?xml version = '1.0' encoding = 'UTF-8' ?> <PropertyList> 
  <path>EDM700.ac</path>
  
  <animation>
    <type>noshadow</type>
  </animation>

  <animation>
    <type>range</type>
    <min-m>0</min-m>
    <max-m>30</max-m>
  </animation>

  <animation>
    <type>translate</type>
    <object-name>Knob.Left</object-name>
    <property>instrumentation/edm700/step-button</property>
    <factor>-0.0010</factor>
    <axis>
      <x>1.0</x>
      <y>0.0</y>
      <z>0.0</z>
    </axis>
  </animation>

  <animation>
    <type>pick</type>
    <object-name>Knob.Left</object-name>
    <object-name>Picker.Left</object-name>
    <visible>true</visible>
    <action>
      <name>Step</name>
      <button>0</button>
      <repeatable>true</repeatable>
      <binding>
        <command>property-assign</command>
        <property>instrumentation/edm700/step-button</property>
        <value>1</value>
      </binding>
      <mod-up>
        <binding>
          <command>property-assign</command>
          <property>instrumentation/edm700/step-button</property>
          <value>0</value>
        </binding>
      </mod-up>
    </action>
  </animation>

  <animation>
    <type>translate</type>
    <object-name>Knob.Right</object-name>
    <property>instrumentation/edm700/lf-button</property>
    <factor>-0.0010</factor>
    <axis>
      <x>1.0</x>
      <y>0.0</y>
      <z>0.0</z>
    </axis>
  </animation>

  <animation>
    <type>pick</type>
    <object-name>Knob.Right</object-name>
    <object-name>Picker.Right</object-name>
    <visible>true</visible>
    <action>
      <name>Step</name>
      <button>0</button>
      <repeatable>true</repeatable>
      <binding>
        <command>property-assign</command>
        <property>instrumentation/edm700/lf-button</property>
        <value>1</value>
      </binding>
      <mod-up>
        <binding>
          <command>property-assign</command>
          <property>instrumentation/edm700/lf-button</property>
          <value>0</value>
        </binding>
      </mod-up>
    </action>
  </animation>

  <animation>
    <type>select</type>
    <object-name>Display</object-name>
    <condition>
      <property>instrumentation/edm700/power</property>
      <property>instrumentation/edm700/serviceable</property>
    </condition>
  </animation>

  <animation>
    <type>select</type>
    <object-name>Bar1</object-name>
    <condition>
      <property>instrumentation/edm700/display/bar-select[0]</property>
    </condition>
  </animation>

  <animation>
    <type>textranslate</type>
    <object-name>Bar1</object-name>
    <property>instrumentation/edm700/display/bar-norm[0]</property>
    <factor>-0.5</factor>
    <offset>-1.0</offset>
    <step>0.0625</step>
    <axis>
      <x>0</x>
      <y>1</y>
      <z>0</z>
    </axis>
  </animation>

  <animation>
    <type>select</type>
    <object-name>Bar2</object-name>
    <condition>
      <property>instrumentation/edm700/display/bar-select[1]</property>
    </condition>
  </animation>

  <animation>
    <type>textranslate</type>
    <object-name>Bar2</object-name>
    <property>instrumentation/edm700/display/bar-norm[1]</property>
    <factor>-0.5</factor>
    <offset>-1.0</offset>
    <step>0.0625</step>
    <axis>
      <x>0</x>
      <y>1</y>
      <z>0</z>
    </axis>
  </animation>

  <animation>
    <type>select</type>
    <object-name>Bar3</object-name>
    <condition>
      <property>instrumentation/edm700/display/bar-select[2]</property>
    </condition>
  </animation>

  <animation>
    <type>textranslate</type>
    <object-name>Bar3</object-name>
    <property>instrumentation/edm700/display/bar-norm[2]</property>
    <factor>-0.5</factor>
    <offset>-1.0</offset>
    <step>0.0625</step>
    <axis>
      <x>0</x>
      <y>1</y>
      <z>0</z>
    </axis>
  </animation>

  <animation>
    <type>select</type>
    <object-name>Bar4</object-name>
    <condition>
      <property>instrumentation/edm700/display/bar-select[3]</property>
    </condition>
  </animation>

  <animation>
    <type>textranslate</type>
    <object-name>Bar4</object-name>
    <property>instrumentation/edm700/display/bar-norm[3]</property>
    <factor>-0.5</factor>
    <offset>-1.0</offset>
    <step>0.0625</step>
    <axis>
      <x>0</x>
      <y>1</y>
      <z>0</z>
    </axis>
  </animation>

  <animation>
    <type>select</type>
    <object-name>Bar5</object-name>
    <condition>
      <property>instrumentation/edm700/display/bar-select[4]</property>
    </condition>
  </animation>

  <animation>
    <type>textranslate</type>
    <object-name>Bar5</object-name>
    <property>instrumentation/edm700/display/bar-norm[4]</property>
    <factor>-0.5</factor>
    <offset>-1.0</offset>
    <step>0.0625</step>
    <axis>
      <x>0</x>
      <y>1</y>
      <z>0</z>
    </axis>
  </animation>

  <animation>
    <type>select</type>
    <object-name>Bar6</object-name>
    <condition>
      <property>instrumentation/edm700/display/bar-select[5]</property>
    </condition>
  </animation>

  <animation>
    <type>textranslate</type>
    <object-name>Bar6</object-name>
    <property>instrumentation/edm700/display/bar-norm[5]</property>
    <factor>-0.5</factor>
    <offset>-1.0</offset>
    <step>0.0625</step>
    <axis>
      <x>0</x>
      <y>1</y>
      <z>0</z>
    </axis>
  </animation>

  <animation>
    <type>select</type>
    <object-name>Bar7</object-name>
    <condition>
      <property>instrumentation/edm700/display/bar-select[6]</property>
    </condition>
  </animation>

  <animation>
    <type>textranslate</type>
    <object-name>Bar7</object-name>
    <property>instrumentation/edm700/display/bar-norm[6]</property>
    <factor>-0.5</factor>
    <offset>-1.0</offset>
    <step>0.0625</step>
    <axis>
      <x>0</x>
      <y>1</y>
      <z>0</z>
    </axis>
  </animation>

  <animation>
    <type>select</type>
    <object-name>Bar01</object-name>
    <condition>
      <greater-than>
        <property>instrumentation/edm700/display/bar-norm[0]</property>
        <property>instrumentation/edm700/display/bar0-norm[0]</property>
      </greater-than>
    </condition>
  </animation>

  <animation>
    <type>select</type>
    <object-name>Bar11</object-name>
    <condition>
      <greater-than>
        <property>instrumentation/edm700/display/bar0-norm[0]</property>
        <property>instrumentation/edm700/display/bar-norm[0]</property>
      </greater-than>
    </condition>
  </animation>

  <animation>
    <type>textranslate</type>
    <object-name>Bar01</object-name>
    <property>instrumentation/edm700/display/bar0-norm[0]</property>
    <factor>-0.5</factor>
    <offset>-0.0</offset>
    <step>0.0625</step>
    <axis>
      <x>0</x>
      <y>1</y>
      <z>0</z>
    </axis>
  </animation>

  <animation>
    <type>textranslate</type>
    <object-name>Bar11</object-name>
    <property>instrumentation/edm700/display/bar0-norm[0]</property>
    <factor>-0.5</factor>
    <offset>-0.0</offset>
    <step>0.0625</step>
    <axis>
      <x>0</x>
      <y>1</y>
      <z>0</z>
    </axis>
  </animation>

  <animation>
    <type>select</type>
    <object-name>Bar02</object-name>
    <condition>
      <greater-than>
        <property>instrumentation/edm700/display/bar-norm[1]</property>
        <property>instrumentation/edm700/display/bar0-norm[1]</property>
      </greater-than>
    </condition>
  </animation>

  <animation>
    <type>select</type>
    <object-name>Bar12</object-name>
    <condition>
      <greater-than>
        <property>instrumentation/edm700/display/bar0-norm[1]</property>
        <property>instrumentation/edm700/display/bar-norm[1]</property>
      </greater-than>
    </condition>
  </animation>

  <animation>
    <type>textranslate</type>
    <object-name>Bar02</object-name>
    <property>instrumentation/edm700/display/bar0-norm[1]</property>
    <factor>-0.5</factor>
    <offset>-0.0</offset>
    <step>0.0625</step>
    <axis>
      <x>0</x>
      <y>1</y>
      <z>0</z>
    </axis>
  </animation>

  <animation>
    <type>textranslate</type>
    <object-name>Bar12</object-name>
    <property>instrumentation/edm700/display/bar0-norm[1]</property>
    <factor>-0.5</factor>
    <offset>-0.0</offset>
    <step>0.0625</step>
    <axis>
      <x>0</x>
      <y>1</y>
      <z>0</z>
    </axis>
  </animation>

  <animation>
    <type>select</type>
    <object-name>Bar03</object-name>
    <condition>
      <greater-than>
        <property>instrumentation/edm700/display/bar-norm[2]</property>
        <property>instrumentation/edm700/display/bar0-norm[2]</property>
      </greater-than>
    </condition>
  </animation>

  <animation>
    <type>select</type>
    <object-name>Bar13</object-name>
    <condition>
      <greater-than>
        <property>instrumentation/edm700/display/bar0-norm[2]</property>
        <property>instrumentation/edm700/display/bar-norm[2]</property>
      </greater-than>
    </condition>
  </animation>

  <animation>
    <type>textranslate</type>
    <object-name>Bar03</object-name>
    <property>instrumentation/edm700/display/bar0-norm[2]</property>
    <factor>-0.5</factor>
    <offset>-0.0</offset>
    <step>0.0625</step>
    <axis>
      <x>0</x>
      <y>1</y>
      <z>0</z>
    </axis>
  </animation>

  <animation>
    <type>textranslate</type>
    <object-name>Bar13</object-name>
    <property>instrumentation/edm700/display/bar0-norm[2]</property>
    <factor>-0.5</factor>
    <offset>-0.0</offset>
    <step>0.0625</step>
    <axis>
      <x>0</x>
      <y>1</y>
      <z>0</z>
    </axis>
  </animation>

  <animation>
    <type>select</type>
    <object-name>Bar04</object-name>
    <condition>
      <greater-than>
        <property>instrumentation/edm700/display/bar-norm[3]</property>
        <property>instrumentation/edm700/display/bar0-norm[3]</property>
      </greater-than>
    </condition>
  </animation>

  <animation>
    <type>select</type>
    <object-name>Bar14</object-name>
    <condition>
      <greater-than>
        <property>instrumentation/edm700/display/bar0-norm[3]</property>
        <property>instrumentation/edm700/display/bar-norm[3]</property>
      </greater-than>
    </condition>
  </animation>

  <animation>
    <type>textranslate</type>
    <object-name>Bar04</object-name>
    <property>instrumentation/edm700/display/bar0-norm[3]</property>
    <factor>-0.5</factor>
    <offset>-0.0</offset>
    <step>0.0625</step>
    <axis>
      <x>0</x>
      <y>1</y>
      <z>0</z>
    </axis>
  </animation>

  <animation>
    <type>textranslate</type>
    <object-name>Bar14</object-name>
    <property>instrumentation/edm700/display/bar0-norm[3]</property>
    <factor>-0.5</factor>
    <offset>-0.0</offset>
    <step>0.0625</step>
    <axis>
      <x>0</x>
      <y>1</y>
      <z>0</z>
    </axis>
  </animation>

  <animation>
    <type>select</type>
    <object-name>Bar05</object-name>
    <condition>
      <greater-than>
        <property>instrumentation/edm700/display/bar-norm[4]</property>
        <property>instrumentation/edm700/display/bar0-norm[4]</property>
      </greater-than>
    </condition>
  </animation>

  <animation>
    <type>select</type>
    <object-name>Bar15</object-name>
    <condition>
      <greater-than>
        <property>instrumentation/edm700/display/bar0-norm[4]</property>
        <property>instrumentation/edm700/display/bar-norm[4]</property>
      </greater-than>
    </condition>
  </animation>

  <animation>
    <type>textranslate</type>
    <object-name>Bar05</object-name>
    <property>instrumentation/edm700/display/bar0-norm[4]</property>
    <factor>-0.5</factor>
    <offset>-0.0</offset>
    <step>0.0625</step>
    <axis>
      <x>0</x>
      <y>1</y>
      <z>0</z>
    </axis>
  </animation>

  <animation>
    <type>textranslate</type>
    <object-name>Bar15</object-name>
    <property>instrumentation/edm700/display/bar0-norm[4]</property>
    <factor>-0.5</factor>
    <offset>-0.0</offset>
    <step>0.0625</step>
    <axis>
      <x>0</x>
      <y>1</y>
      <z>0</z>
    </axis>
  </animation>

  <animation>
    <type>select</type>
    <object-name>Bar06</object-name>
    <condition>
      <greater-than>
        <property>instrumentation/edm700/display/bar-norm[5]</property>
        <property>instrumentation/edm700/display/bar0-norm[5]</property>
      </greater-than>
    </condition>
  </animation>

  <animation>
    <type>select</type>
    <object-name>Bar16</object-name>
    <condition>
      <greater-than>
        <property>instrumentation/edm700/display/bar0-norm[5]</property>
        <property>instrumentation/edm700/display/bar-norm[5]</property>
      </greater-than>
    </condition>
  </animation>

  <animation>
    <type>textranslate</type>
    <object-name>Bar06</object-name>
    <property>instrumentation/edm700/display/bar0-norm[5]</property>
    <factor>-0.5</factor>
    <offset>-0.0</offset>
    <step>0.0625</step>
    <axis>
      <x>0</x>
      <y>1</y>
      <z>0</z>
    </axis>
  </animation>

  <animation>
    <type>textranslate</type>
    <object-name>Bar16</object-name>
    <property>instrumentation/edm700/display/bar0-norm[5]</property>
    <factor>-0.5</factor>
    <offset>-0.0</offset>
    <step>0.0625</step>
    <axis>
      <x>0</x>
      <y>1</y>
      <z>0</z>
    </axis>
  </animation>

  <animation>
    <type>select</type>
    <object-name>Bar07</object-name>
    <condition>
      <greater-than>
        <property>instrumentation/edm700/display/bar-norm[6]</property>
        <property>instrumentation/edm700/display/bar0-norm[6]</property>
      </greater-than>
    </condition>
  </animation>

  <animation>
    <type>select</type>
    <object-name>Bar17</object-name>
    <condition>
      <greater-than>
        <property>instrumentation/edm700/display/bar0-norm[6]</property>
        <property>instrumentation/edm700/display/bar-norm[6]</property>
      </greater-than>
    </condition>
  </animation>

  <animation>
    <type>textranslate</type>
    <object-name>Bar07</object-name>
    <property>instrumentation/edm700/display/bar0-norm[6]</property>
    <factor>-0.5</factor>
    <offset>-0.0</offset>
    <step>0.0625</step>
    <axis>
      <x>0</x>
      <y>1</y>
      <z>0</z>
    </axis>
  </animation>

  <animation>
    <type>textranslate</type>
    <object-name>Bar17</object-name>
    <property>instrumentation/edm700/display/bar0-norm[6]</property>
    <factor>-0.5</factor>
    <offset>-0.0</offset>
    <step>0.0625</step>
    <axis>
      <x>0</x>
      <y>1</y>
      <z>0</z>
    </axis>
  </animation>

  <animation>
    <type>select</type>
    <object-name>ColumnSelector1</object-name>
    <condition>
      <property>instrumentation/edm700/display/column-selector[0]</property>
    </condition>
  </animation>

  <animation>
    <type>select</type>
    <object-name>ColumnSelector2</object-name>
    <condition>
      <property>instrumentation/edm700/display/column-selector[1]</property>
    </condition>
  </animation>

  <animation>
    <type>select</type>
    <object-name>ColumnSelector3</object-name>
    <condition>
      <property>instrumentation/edm700/display/column-selector[2]</property>
    </condition>
  </animation>

  <animation>
    <type>select</type>
    <object-name>ColumnSelector4</object-name>
    <condition>
      <property>instrumentation/edm700/display/column-selector[3]</property>
    </condition>
  </animation>

  <animation>
    <type>select</type>
    <object-name>ColumnSelector5</object-name>
    <condition>
      <property>instrumentation/edm700/display/column-selector[4]</property>
    </condition>
  </animation>

  <animation>
    <type>select</type>
    <object-name>ColumnSelector6</object-name>
    <condition>
      <property>instrumentation/edm700/display/column-selector[5]</property>
    </condition>
  </animation>

  <animation>
    <type>select</type>
    <object-name>ColumnSelector7</object-name>
    <condition>
      <property>instrumentation/edm700/display/column-selector[6]</property>
    </condition>
  </animation>

  <animation>
    <type>select</type>
    <object-name>Norm</object-name>
    <condition>
      <property>instrumentation/edm700/display/norm</property>
    </condition>
  </animation>

  <animation>
    <type>select</type>
    <object-name>Percentage</object-name>
    <condition>
      <property>instrumentation/edm700/display/percentage</property>
    </condition>
  </animation>

  <animation>
    <type>select</type>
    <object-name>DigitA0</object-name>
    <condition>
      <not-equals>
        <property>instrumentation/edm700/display/digit-a[0]</property>
        <value>0</value>
      </not-equals>
    </condition>
  </animation>

  <animation>
    <type>textranslate</type>
    <object-name>DigitA0</object-name>
    <property>instrumentation/edm700/display/digit-a[0]</property>
    <step>1</step>
    <factor>0.1</factor>
    <axis>
      <x>0</x>
      <y>1</y>
      <z>0</z>
    </axis>
  </animation>

  <animation>
    <type>select</type>
    <object-name>DigitA1</object-name>
    <condition>
      <not-equals>
        <property>instrumentation/edm700/display/digit-a[1]</property>
        <value>0</value>
      </not-equals>
    </condition>
  </animation>

  <animation>
    <type>textranslate</type>
    <object-name>DigitA1</object-name>
    <property>instrumentation/edm700/display/digit-a[1]</property>
    <step>1</step>
    <factor>0.1</factor>
    <axis>
      <x>0</x>
      <y>1</y>
      <z>0</z>
    </axis>
  </animation>

  <animation>
    <type>select</type>
    <object-name>DigitA2</object-name>
    <condition>
      <not-equals>
        <property>instrumentation/edm700/display/digit-a[2]</property>
        <value>0</value>
      </not-equals>
    </condition>
  </animation>

  <animation>
    <type>textranslate</type>
    <object-name>DigitA2</object-name>
    <property>instrumentation/edm700/display/digit-a[2]</property>
    <step>1</step>
    <factor>0.1</factor>
    <axis>
      <x>0</x>
      <y>1</y>
      <z>0</z>
    </axis>
  </animation>

  <animation>
    <type>select</type>
    <object-name>DigitA3</object-name>
    <condition>
      <not-equals>
        <property>instrumentation/edm700/display/digit-a[3]</property>
        <value>0</value>
      </not-equals>
    </condition>
  </animation>

  <animation>
    <type>textranslate</type>
    <object-name>DigitA3</object-name>
    <property>instrumentation/edm700/display/digit-a[3]</property>
    <step>1</step>
    <factor>0.1</factor>
    <axis>
      <x>0</x>
      <y>1</y>
      <z>0</z>
    </axis>
  </animation>

  <animation>
    <type>select</type>
    <object-name>DigitAdp</object-name>
    <condition>
      <not-equals>
        <property>instrumentation/edm700/display/digit-a-dp</property>
        <value>0</value>
      </not-equals>
    </condition>
  </animation>

  <animation>
    <type>select</type>
    <object-name>DigitB0</object-name>
    <condition>
      <not-equals>
        <property>instrumentation/edm700/display/digit-b[0]</property>
        <value>0</value>
      </not-equals>
    </condition>
  </animation>

  <animation>
    <type>textranslate</type>
    <object-name>DigitB0</object-name>
    <property>instrumentation/edm700/display/digit-b[0]</property>
    <step>1</step>
    <factor>0.1</factor>
    <axis>
      <x>0</x>
      <y>1</y>
      <z>0</z>
    </axis>
  </animation>

  <animation>
    <type>select</type>
    <object-name>DigitB1</object-name>
    <condition>
      <not-equals>
        <property>instrumentation/edm700/display/digit-b[1]</property>
        <value>0</value>
      </not-equals>
    </condition>
  </animation>

  <animation>
    <type>textranslate</type>
    <object-name>DigitB1</object-name>
    <property>instrumentation/edm700/display/digit-b[1]</property>
    <step>1</step>
    <factor>0.1</factor>
    <axis>
      <x>0</x>
      <y>1</y>
      <z>0</z>
    </axis>
  </animation>

  <animation>
    <type>select</type>
    <object-name>DigitB2</object-name>
    <condition>
      <not-equals>
        <property>instrumentation/edm700/display/digit-b[2]</property>
        <value>0</value>
      </not-equals>
    </condition>
  </animation>

  <animation>
    <type>textranslate</type>
    <object-name>DigitB2</object-name>
    <property>instrumentation/edm700/display/digit-b[2]</property>
    <step>1</step>
    <factor>0.1</factor>
    <axis>
      <x>0</x>
      <y>1</y>
      <z>0</z>
    </axis>
  </animation>

  <animation>
    <type>select</type>
    <object-name>DigitsB</object-name>
    <condition>
      <not>
        <or>
          <property>instrumentation/edm700/display/text/bat</property>
          <property>instrumentation/edm700/display/text/oil</property>
          <property>instrumentation/edm700/display/text/cld</property>
          <property>instrumentation/edm700/display/text/oat</property>
          <property>instrumentation/edm700/display/text/crb</property>
          <property>instrumentation/edm700/display/text/dif</property>
          <property>instrumentation/edm700/display/text/l</property>
          <property>instrumentation/edm700/display/text/r</property>
          <property>instrumentation/edm700/display/text/est</property>
          <property>instrumentation/edm700/display/text/lf</property>
          </or>
      </not>
    </condition>
  </animation>

  <animation>
    <type>select</type>
    <object-name>DigitsA</object-name>
    <condition>
      <not>
      <property>instrumentation/edm700/display/text/lean</property>
      </not>
    </condition>
  </animation>

  <animation>
    <type>select</type>
    <object-name>bat</object-name>
    <condition>
      <property>instrumentation/edm700/display/text/bat</property>
    </condition>
  </animation>

  <animation>
    <type>select</type>
    <object-name>oil</object-name>
    <condition>
      <property>instrumentation/edm700/display/text/oil</property>
    </condition>
  </animation>

  <animation>
    <type>select</type>
    <object-name>cld</object-name>
    <condition>
      <property>instrumentation/edm700/display/text/cld</property>
    </condition>
  </animation>

  <animation>
    <type>select</type>
    <object-name>oat</object-name>
    <condition>
      <property>instrumentation/edm700/display/text/oat</property>
    </condition>
  </animation>

  <animation>
    <type>select</type>
    <object-name>crb</object-name>
    <condition>
      <property>instrumentation/edm700/display/text/crb</property>
    </condition>
  </animation>

  <animation>
    <type>select</type>
    <object-name>dif</object-name>
    <condition>
      <property>instrumentation/edm700/display/text/dif</property>
    </condition>
  </animation>

  <animation>
    <type>select</type>
    <object-name>lean</object-name>
    <condition>
      <property>instrumentation/edm700/display/text/lean</property>
    </condition>
  </animation>

  <animation>
    <type>select</type>
    <object-name>est</object-name>
    <condition>
      <property>instrumentation/edm700/display/text/est</property>
    </condition>
  </animation>

  <animation>
    <type>select</type>
    <object-name>l</object-name>
    <condition>
      <property>instrumentation/edm700/display/text/l</property>
    </condition>
  </animation>

  <animation>
    <type>select</type>
    <object-name>r</object-name>
    <condition>
      <property>instrumentation/edm700/display/text/r</property>
    </condition>
  </animation>

  <animation>
    <type>select</type>
    <object-name>lf</object-name>
    <condition>
      <property>instrumentation/edm700/display/text/lf</property>
    </condition>
  </animation>

</PropertyList>
